﻿<?xml version="1.0" encoding="utf-8"?><model xmlns="http://schemas.serviceml.org/smlif/2007/02"><identity><name>urn:uuid:96fe1236-abf6-4a57-b54d-e9baab394fd1</name><baseURI>http://documentcollection/</baseURI></identity><xs:bufferSchema xmlns:xs="http://www.w3.org/2001/XMLSchema"><definitions xmlns:sfc="http://schemas.microsoft.com/sqlserver/sfc/serialization/2007/08"><document><docinfo><aliases><alias>/system/schema/DMF</alias></aliases><sfc:version DomainVersion="3" /></docinfo><data><xs:schema targetNamespace="http://schemas.microsoft.com/sqlserver/DMF/2007/08" xmlns:sfc="http://schemas.microsoft.com/sqlserver/sfc/serialization/2007/08" xmlns:sml="http://schemas.serviceml.org/sml/2007/02" xmlns:xs="http://www.w3.org/2001/XMLSchema" elementFormDefault="qualified"><xs:element name="Policy"><xs:complexType><xs:sequence><xs:any namespace="http://schemas.microsoft.com/sqlserver/DMF/2007/08" processContents="skip" minOccurs="0" maxOccurs="unbounded" /></xs:sequence></xs:complexType></xs:element><xs:element name="ObjectSet"><xs:complexType><xs:sequence><xs:any namespace="http://schemas.microsoft.com/sqlserver/DMF/2007/08" processContents="skip" minOccurs="0" maxOccurs="unbounded" /></xs:sequence></xs:complexType></xs:element><xs:element name="Condition"><xs:complexType><xs:sequence><xs:any namespace="http://schemas.microsoft.com/sqlserver/DMF/2007/08" processContents="skip" minOccurs="0" maxOccurs="unbounded" /></xs:sequence></xs:complexType></xs:element><xs:element name="PolicyCategory"><xs:complexType><xs:sequence><xs:any namespace="http://schemas.microsoft.com/sqlserver/DMF/2007/08" processContents="skip" minOccurs="0" maxOccurs="unbounded" /></xs:sequence></xs:complexType></xs:element><xs:element name="TargetSet"><xs:complexType><xs:sequence><xs:any namespace="http://schemas.microsoft.com/sqlserver/DMF/2007/08" processContents="skip" minOccurs="0" maxOccurs="unbounded" /></xs:sequence></xs:complexType></xs:element><xs:element name="TargetSetLevel"><xs:complexType><xs:sequence><xs:any namespace="http://schemas.microsoft.com/sqlserver/DMF/2007/08" processContents="skip" minOccurs="0" maxOccurs="unbounded" /></xs:sequence></xs:complexType></xs:element><DMF:bufferData xmlns:DMF="http://schemas.microsoft.com/sqlserver/DMF/2007/08"><instances xmlns:sfc="http://schemas.microsoft.com/sqlserver/sfc/serialization/2007/08"><document><docinfo><aliases><alias>/PolicyStore/Policy/Backup and Data File Location</alias></aliases><sfc:version DomainVersion="3" /></docinfo><data><DMF:Policy xmlns:DMF="http://schemas.microsoft.com/sqlserver/DMF/2007/08" xmlns:sfc="http://schemas.microsoft.com/sqlserver/sfc/serialization/2007/08" xmlns:sml="http://schemas.serviceml.org/sml/2007/02" xmlns:xs="http://www.w3.org/2001/XMLSchema"><DMF:Parent><sfc:Reference sml:ref="true"><sml:Uri>/PolicyStore</sml:Uri></sfc:Reference></DMF:Parent><DMF:PolicyCondition><sfc:Reference sml:ref="true"><sml:Uri>/PolicyStore/Condition/Data and Backup on Separate Drive</sml:Uri></sfc:Reference></DMF:PolicyCondition><DMF:PolicyObjectSet><sfc:Reference sml:ref="true"><sml:Uri>/PolicyStore/ObjectSet/Backup and Data File Location__ObjectSet</sml:Uri></sfc:Reference></DMF:PolicyObjectSet><DMF:PolicyPolicyCategory><sfc:Reference sml:ref="true"><sml:Uri>/PolicyStore/PolicyCategory/Maintenance</sml:Uri></sfc:Reference></DMF:PolicyPolicyCategory><DMF:Name type="string">Backup and Data File Location</DMF:Name><DMF:Description type="string">Checks if database and the backups are on separate backup devices. If they are on the same backup device, and the device that contains the database fails, your backups will be unavailable. Also, putting the data and backups on separate devices optimizes the I/O performance for both the production use of the database and writing the backups.&lt;?char 13?&gt;
&lt;?char 13?&gt;
Note:  This policy cannot detect separate physical devices through mount points.</DMF:Description><DMF:Condition type="string">Data and Backup on Separate Drive</DMF:Condition><DMF:ObjectSet type="string">Backup and Data File Location_ObjectSet</DMF:ObjectSet><DMF:RootCondition type="string" /><DMF:PolicyCategory type="string">Maintenance</DMF:PolicyCategory><DMF:Enabled type="boolean">false</DMF:Enabled><DMF:AutomatedPolicyEvaluationMode type="AutomatedPolicyEvaluationMode">None</DMF:AutomatedPolicyEvaluationMode><DMF:ScheduleUid type="guid">00000000-0000-0000-0000-000000000000</DMF:ScheduleUid><DMF:HelpText type="string" /><DMF:HelpLink type="string">http://go.microsoft.com/fwlink/?LinkId=116373</DMF:HelpLink><DMF:ActiveEndDate type="dateTime">0001-01-01T00:00:00</DMF:ActiveEndDate><DMF:ActiveEndTimeOfDay type="long">0</DMF:ActiveEndTimeOfDay><DMF:ActiveStartDate type="dateTime">0001-01-01T00:00:00</DMF:ActiveStartDate><DMF:ActiveStartTimeOfDay type="long">0</DMF:ActiveStartTimeOfDay><DMF:FrequencyInterval type="int">0</DMF:FrequencyInterval><DMF:FrequencyRecurrenceFactor type="int">0</DMF:FrequencyRecurrenceFactor><DMF:FrequencyRelativeIntervals type="FrequencyRelativeIntervals" /><DMF:FrequencySubDayInterval type="int">0</DMF:FrequencySubDayInterval><DMF:FrequencySubDayTypes type="FrequencySubDayTypes">Unknown</DMF:FrequencySubDayTypes><DMF:FrequencyTypes type="FrequencyTypes">Unknown</DMF:FrequencyTypes><DMF:Schedule type="string" /></DMF:Policy></data></document><document><docinfo><aliases><alias>/PolicyStore/ObjectSet/Backup and Data File Location__ObjectSet</alias></aliases><sfc:version DomainVersion="3" /></docinfo><data><DMF:ObjectSet xmlns:DMF="http://schemas.microsoft.com/sqlserver/DMF/2007/08" xmlns:sfc="http://schemas.microsoft.com/sqlserver/sfc/serialization/2007/08" xmlns:sml="http://schemas.serviceml.org/sml/2007/02" xmlns:xs="http://www.w3.org/2001/XMLSchema"><DMF:TargetSets><sfc:Collection><sfc:Reference sml:ref="true"><sml:Uri>/PolicyStore/ObjectSet/Backup and Data File Location__ObjectSet/TargetSet/Server_/Database</sml:Uri></sfc:Reference></sfc:Collection></DMF:TargetSets><DMF:Parent><sfc:Reference sml:ref="true"><sml:Uri>/PolicyStore</sml:Uri></sfc:Reference></DMF:Parent><DMF:Name type="string">Backup and Data File Location_ObjectSet</DMF:Name><DMF:Facet type="string">IDatabaseMaintenanceFacet</DMF:Facet></DMF:ObjectSet></data></document><document><docinfo><aliases><alias>/PolicyStore/Condition/Data and Backup on Separate Drive</alias></aliases><sfc:version DomainVersion="3" /></docinfo><data><DMF:Condition xmlns:DMF="http://schemas.microsoft.com/sqlserver/DMF/2007/08" xmlns:sfc="http://schemas.microsoft.com/sqlserver/sfc/serialization/2007/08" xmlns:sml="http://schemas.serviceml.org/sml/2007/02" xmlns:xs="http://www.w3.org/2001/XMLSchema"><DMF:Parent><sfc:Reference sml:ref="true"><sml:Uri>/PolicyStore</sml:Uri></sfc:Reference></DMF:Parent><DMF:Expression type="string">&lt;Operator&gt;&lt;?char 13?&gt;
  &lt;TypeClass&gt;Bool&lt;/TypeClass&gt;&lt;?char 13?&gt;
  &lt;OpType&gt;EQ&lt;/OpType&gt;&lt;?char 13?&gt;
  &lt;Count&gt;2&lt;/Count&gt;&lt;?char 13?&gt;
  &lt;Attribute&gt;&lt;?char 13?&gt;
    &lt;TypeClass&gt;Bool&lt;/TypeClass&gt;&lt;?char 13?&gt;
    &lt;Name&gt;DataAndBackupOnSeparateLogicalVolumes&lt;/Name&gt;&lt;?char 13?&gt;
  &lt;/Attribute&gt;&lt;?char 13?&gt;
  &lt;Function&gt;&lt;?char 13?&gt;
    &lt;TypeClass&gt;Bool&lt;/TypeClass&gt;&lt;?char 13?&gt;
    &lt;FunctionType&gt;True&lt;/FunctionType&gt;&lt;?char 13?&gt;
    &lt;ReturnType&gt;Bool&lt;/ReturnType&gt;&lt;?char 13?&gt;
    &lt;Count&gt;0&lt;/Count&gt;&lt;?char 13?&gt;
  &lt;/Function&gt;&lt;?char 13?&gt;
&lt;/Operator&gt;</DMF:Expression><DMF:Name type="string">Data and Backup on Separate Drive</DMF:Name><DMF:Description type="string">Confirms that the database and the database backups are on separate drives.</DMF:Description><DMF:Facet type="string">IDatabaseMaintenanceFacet</DMF:Facet></DMF:Condition></data></document><document><docinfo><aliases><alias>/PolicyStore/PolicyCategory/Maintenance</alias></aliases><sfc:version DomainVersion="3" /></docinfo><data><DMF:PolicyCategory xmlns:DMF="http://schemas.microsoft.com/sqlserver/DMF/2007/08" xmlns:sfc="http://schemas.microsoft.com/sqlserver/sfc/serialization/2007/08" xmlns:sml="http://schemas.serviceml.org/sml/2007/02" xmlns:xs="http://www.w3.org/2001/XMLSchema"><DMF:Parent><sfc:Reference sml:ref="true"><sml:Uri>/PolicyStore</sml:Uri></sfc:Reference></DMF:Parent><DMF:Name type="string">Maintenance</DMF:Name></DMF:PolicyCategory></data></document><document><docinfo><aliases><alias>/PolicyStore/ObjectSet/Backup and Data File Location__ObjectSet/TargetSet/Server_/Database</alias></aliases><sfc:version DomainVersion="3" /></docinfo><data><DMF:TargetSet xmlns:DMF="http://schemas.microsoft.com/sqlserver/DMF/2007/08" xmlns:sfc="http://schemas.microsoft.com/sqlserver/sfc/serialization/2007/08" xmlns:sml="http://schemas.serviceml.org/sml/2007/02" xmlns:xs="http://www.w3.org/2001/XMLSchema"><DMF:Levels><sfc:Collection><sfc:Reference sml:ref="true"><sml:Uri>/PolicyStore/ObjectSet/Backup and Data File Location__ObjectSet/TargetSet/Server_/Database/TargetSetLevel/Server_/Database</sml:Uri></sfc:Reference></sfc:Collection></DMF:Levels><DMF:Parent><sfc:Reference sml:ref="true"><sml:Uri>/PolicyStore/ObjectSet/Backup and Data File Location__ObjectSet</sml:Uri></sfc:Reference></DMF:Parent><DMF:TargetTypeSkeleton type="string">Server/Database</DMF:TargetTypeSkeleton><DMF:Enabled type="boolean">true</DMF:Enabled></DMF:TargetSet></data></document><document><docinfo><aliases><alias>/PolicyStore/ObjectSet/Backup and Data File Location__ObjectSet/TargetSet/Server_/Database/TargetSetLevel/Server_/Database</alias></aliases><sfc:version DomainVersion="3" /></docinfo><data><DMF:TargetSetLevel xmlns:DMF="http://schemas.microsoft.com/sqlserver/DMF/2007/08" xmlns:sfc="http://schemas.microsoft.com/sqlserver/sfc/serialization/2007/08" xmlns:sml="http://schemas.serviceml.org/sml/2007/02" xmlns:xs="http://www.w3.org/2001/XMLSchema"><DMF:Parent><sfc:Reference sml:ref="true"><sml:Uri>/PolicyStore/ObjectSet/Backup and Data File Location__ObjectSet/TargetSet/Server_/Database</sml:Uri></sfc:Reference></DMF:Parent><DMF:TargetTypeSkeleton type="string">Server/Database</DMF:TargetTypeSkeleton><DMF:LevelName type="string">Database</DMF:LevelName><DMF:Condition type="string" /></DMF:TargetSetLevel></data></document></instances></DMF:bufferData></xs:schema></data></document></definitions></xs:bufferSchema></model>