﻿<?xml version="1.0" encoding="utf-8"?><model xmlns="http://schemas.serviceml.org/smlif/2007/02"><identity><name>urn:uuid:96fe1236-abf6-4a57-b54d-e9baab394fd1</name><baseURI>http://documentcollection/</baseURI></identity><xs:bufferSchema xmlns:xs="http://www.w3.org/2001/XMLSchema"><definitions xmlns:sfc="http://schemas.microsoft.com/sqlserver/sfc/serialization/2007/08"><document><docinfo><aliases><alias>/system/schema/DMF</alias></aliases><sfc:version DomainVersion="3" /></docinfo><data><xs:schema targetNamespace="http://schemas.microsoft.com/sqlserver/DMF/2007/08" xmlns:sfc="http://schemas.microsoft.com/sqlserver/sfc/serialization/2007/08" xmlns:sml="http://schemas.serviceml.org/sml/2007/02" xmlns:xs="http://www.w3.org/2001/XMLSchema" elementFormDefault="qualified"><xs:element name="Policy"><xs:complexType><xs:sequence><xs:any namespace="http://schemas.microsoft.com/sqlserver/DMF/2007/08" processContents="skip" minOccurs="0" maxOccurs="unbounded" /></xs:sequence></xs:complexType></xs:element><xs:element name="ObjectSet"><xs:complexType><xs:sequence><xs:any namespace="http://schemas.microsoft.com/sqlserver/DMF/2007/08" processContents="skip" minOccurs="0" maxOccurs="unbounded" /></xs:sequence></xs:complexType></xs:element><xs:element name="Condition"><xs:complexType><xs:sequence><xs:any namespace="http://schemas.microsoft.com/sqlserver/DMF/2007/08" processContents="skip" minOccurs="0" maxOccurs="unbounded" /></xs:sequence></xs:complexType></xs:element><xs:element name="PolicyCategory"><xs:complexType><xs:sequence><xs:any namespace="http://schemas.microsoft.com/sqlserver/DMF/2007/08" processContents="skip" minOccurs="0" maxOccurs="unbounded" /></xs:sequence></xs:complexType></xs:element><xs:element name="TargetSet"><xs:complexType><xs:sequence><xs:any namespace="http://schemas.microsoft.com/sqlserver/DMF/2007/08" processContents="skip" minOccurs="0" maxOccurs="unbounded" /></xs:sequence></xs:complexType></xs:element><xs:element name="TargetSetLevel"><xs:complexType><xs:sequence><xs:any namespace="http://schemas.microsoft.com/sqlserver/DMF/2007/08" processContents="skip" minOccurs="0" maxOccurs="unbounded" /></xs:sequence></xs:complexType></xs:element><DMF:bufferData xmlns:DMF="http://schemas.microsoft.com/sqlserver/DMF/2007/08"><instances xmlns:sfc="http://schemas.microsoft.com/sqlserver/sfc/serialization/2007/08"><document><docinfo><aliases><alias>/PolicyStore/Policy/Database Consistency Check Completed</alias></aliases><sfc:version DomainVersion="3" /></docinfo><data><DMF:Policy xmlns:DMF="http://schemas.microsoft.com/sqlserver/DMF/2007/08" xmlns:sfc="http://schemas.microsoft.com/sqlserver/sfc/serialization/2007/08" xmlns:sml="http://schemas.serviceml.org/sml/2007/02" xmlns:xs="http://www.w3.org/2001/XMLSchema"><DMF:Parent><sfc:Reference sml:ref="true"><sml:Uri>/PolicyStore</sml:Uri></sfc:Reference></DMF:Parent><DMF:PolicyCondition><sfc:Reference sml:ref="true"><sml:Uri>/PolicyStore/Condition/Last Good CheckDB</sml:Uri></sfc:Reference></DMF:PolicyCondition><DMF:PolicyObjectSet><sfc:Reference sml:ref="true"><sml:Uri>/PolicyStore/ObjectSet/Database Consistency Check Completed__ObjectSet</sml:Uri></sfc:Reference></DMF:PolicyObjectSet><DMF:PolicyRootCondition><sfc:Reference sml:ref="true"><sml:Uri>/PolicyStore/Condition/SQL Server Version is 2005+ Production Only</sml:Uri></sfc:Reference></DMF:PolicyRootCondition><DMF:PolicyPolicyCategory><sfc:Reference sml:ref="true"><sml:Uri>/PolicyStore/PolicyCategory/Maintenance</sml:Uri></sfc:Reference></DMF:PolicyPolicyCategory><DMF:Name type="string">Database Consistency Check Completed</DMF:Name><DMF:Description type="string">2015.02.24 MKG&lt;?char 13?&gt;
Check to makes sure the databases have been checked for DBCC Checkdb with in at least 1 week from date of evaluation.  Limited to SQL 2005+, user, and system databases.  Excludeds tempdb and snapshot databases.</DMF:Description><DMF:Condition type="string">Last Good CheckDB</DMF:Condition><DMF:ObjectSet type="string">Database Consistency Check Completed_ObjectSet</DMF:ObjectSet><DMF:RootCondition type="string">SQL Server Version is 2005+ Production Only</DMF:RootCondition><DMF:PolicyCategory type="string">Maintenance</DMF:PolicyCategory><DMF:Enabled type="boolean">false</DMF:Enabled><DMF:AutomatedPolicyEvaluationMode type="AutomatedPolicyEvaluationMode">None</DMF:AutomatedPolicyEvaluationMode><DMF:ScheduleUid type="guid">00000000-0000-0000-0000-000000000000</DMF:ScheduleUid><DMF:HelpText type="string" /><DMF:HelpLink type="string" /><DMF:ActiveEndDate type="dateTime">0001-01-01T00:00:00</DMF:ActiveEndDate><DMF:ActiveEndTimeOfDay type="long">0</DMF:ActiveEndTimeOfDay><DMF:ActiveStartDate type="dateTime">0001-01-01T00:00:00</DMF:ActiveStartDate><DMF:ActiveStartTimeOfDay type="long">0</DMF:ActiveStartTimeOfDay><DMF:FrequencyInterval type="int">0</DMF:FrequencyInterval><DMF:FrequencyRecurrenceFactor type="int">0</DMF:FrequencyRecurrenceFactor><DMF:FrequencyRelativeIntervals type="FrequencyRelativeIntervals" /><DMF:FrequencySubDayInterval type="int">0</DMF:FrequencySubDayInterval><DMF:FrequencySubDayTypes type="FrequencySubDayTypes">Unknown</DMF:FrequencySubDayTypes><DMF:FrequencyTypes type="FrequencyTypes">Unknown</DMF:FrequencyTypes><DMF:Schedule type="string" /></DMF:Policy></data></document><document><docinfo><aliases><alias>/PolicyStore/ObjectSet/Database Consistency Check Completed__ObjectSet</alias></aliases><sfc:version DomainVersion="3" /></docinfo><data><DMF:ObjectSet xmlns:DMF="http://schemas.microsoft.com/sqlserver/DMF/2007/08" xmlns:sfc="http://schemas.microsoft.com/sqlserver/sfc/serialization/2007/08" xmlns:sml="http://schemas.serviceml.org/sml/2007/02" xmlns:xs="http://www.w3.org/2001/XMLSchema"><DMF:TargetSets><sfc:Collection><sfc:Reference sml:ref="true"><sml:Uri>/PolicyStore/ObjectSet/Database Consistency Check Completed__ObjectSet/TargetSet/Server_/Database</sml:Uri></sfc:Reference></sfc:Collection></DMF:TargetSets><DMF:Parent><sfc:Reference sml:ref="true"><sml:Uri>/PolicyStore</sml:Uri></sfc:Reference></DMF:Parent><DMF:Name type="string">Database Consistency Check Completed_ObjectSet</DMF:Name><DMF:Facet type="string">Database</DMF:Facet></DMF:ObjectSet></data></document><document><docinfo><aliases><alias>/PolicyStore/Condition/Last Good CheckDB</alias></aliases><sfc:version DomainVersion="3" /></docinfo><data><DMF:Condition xmlns:DMF="http://schemas.microsoft.com/sqlserver/DMF/2007/08" xmlns:sfc="http://schemas.microsoft.com/sqlserver/sfc/serialization/2007/08" xmlns:sml="http://schemas.serviceml.org/sml/2007/02" xmlns:xs="http://www.w3.org/2001/XMLSchema"><DMF:Parent><sfc:Reference sml:ref="true"><sml:Uri>/PolicyStore</sml:Uri></sfc:Reference></DMF:Parent><DMF:Expression type="string">&lt;Operator&gt;&lt;?char 13?&gt;
  &lt;TypeClass&gt;Bool&lt;/TypeClass&gt;&lt;?char 13?&gt;
  &lt;OpType&gt;GE&lt;/OpType&gt;&lt;?char 13?&gt;
  &lt;Count&gt;2&lt;/Count&gt;&lt;?char 13?&gt;
  &lt;Function&gt;&lt;?char 13?&gt;
    &lt;TypeClass&gt;DateTime&lt;/TypeClass&gt;&lt;?char 13?&gt;
    &lt;FunctionType&gt;ExecuteSql&lt;/FunctionType&gt;&lt;?char 13?&gt;
    &lt;ReturnType&gt;DateTime&lt;/ReturnType&gt;&lt;?char 13?&gt;
    &lt;Count&gt;2&lt;/Count&gt;&lt;?char 13?&gt;
    &lt;Constant&gt;&lt;?char 13?&gt;
      &lt;TypeClass&gt;String&lt;/TypeClass&gt;&lt;?char 13?&gt;
      &lt;ObjType&gt;System.String&lt;/ObjType&gt;&lt;?char 13?&gt;
      &lt;Value&gt;datetime&lt;/Value&gt;&lt;?char 13?&gt;
    &lt;/Constant&gt;&lt;?char 13?&gt;
    &lt;Constant&gt;&lt;?char 13?&gt;
      &lt;TypeClass&gt;String&lt;/TypeClass&gt;&lt;?char 13?&gt;
      &lt;ObjType&gt;System.String&lt;/ObjType&gt;&lt;?char 13?&gt;
      &lt;Value&gt;CREATE TABLE #temp (&amp;lt;?char 13?&amp;gt;&lt;?char 13?&gt;
       Id INT IDENTITY(1,1), &amp;lt;?char 13?&amp;gt;&lt;?char 13?&gt;
       ParentObject VARCHAR(255),&amp;lt;?char 13?&amp;gt;&lt;?char 13?&gt;
       [Object] VARCHAR(255),&amp;lt;?char 13?&amp;gt;&lt;?char 13?&gt;
       Field VARCHAR(255),&amp;lt;?char 13?&amp;gt;&lt;?char 13?&gt;
       [Value] VARCHAR(255)&amp;lt;?char 13?&amp;gt;&lt;?char 13?&gt;
)&amp;lt;?char 13?&amp;gt;&lt;?char 13?&gt;
&amp;lt;?char 13?&amp;gt;&lt;?char 13?&gt;
INSERT INTO #temp&amp;lt;?char 13?&amp;gt;&lt;?char 13?&gt;
EXEC (''DBCC DBINFO () WITH TABLERESULTS'')&amp;lt;?char 13?&amp;gt;&lt;?char 13?&gt;
&amp;lt;?char 13?&amp;gt;&lt;?char 13?&gt;
;WITH CHECKDB1 AS&amp;lt;?char 13?&amp;gt;&lt;?char 13?&gt;
(&amp;lt;?char 13?&amp;gt;&lt;?char 13?&gt;
    SELECT [Value],ROW_NUMBER() OVER (ORDER BY ID) AS rn1 FROM #temp WHERE Field IN (''dbi_dbname''))&amp;lt;?char 13?&amp;gt;&lt;?char 13?&gt;
    ,CHECKDB2 AS ( SELECT [Value], ROW_NUMBER() OVER (ORDER BY ID) AS rn2 FROM #temp WHERE Field IN (''dbi_dbccLastKnownGood'')&amp;lt;?char 13?&amp;gt;&lt;?char 13?&gt;
)      &amp;lt;?char 13?&amp;gt;&lt;?char 13?&gt;
SELECT CHECKDB2.Value AS LastRanDBCCCHECKDB&amp;lt;?char 13?&amp;gt;&lt;?char 13?&gt;
FROM CHECKDB1 JOIN CHECKDB2&amp;lt;?char 13?&amp;gt;&lt;?char 13?&gt;
ON rn1 =rn2&amp;lt;?char 13?&amp;gt;&lt;?char 13?&gt;
&amp;lt;?char 13?&amp;gt;&lt;?char 13?&gt;
DROP TABLE #temp&lt;/Value&gt;&lt;?char 13?&gt;
    &lt;/Constant&gt;&lt;?char 13?&gt;
  &lt;/Function&gt;&lt;?char 13?&gt;
  &lt;Function&gt;&lt;?char 13?&gt;
    &lt;TypeClass&gt;DateTime&lt;/TypeClass&gt;&lt;?char 13?&gt;
    &lt;FunctionType&gt;DateAdd&lt;/FunctionType&gt;&lt;?char 13?&gt;
    &lt;ReturnType&gt;DateTime&lt;/ReturnType&gt;&lt;?char 13?&gt;
    &lt;Count&gt;3&lt;/Count&gt;&lt;?char 13?&gt;
    &lt;Constant&gt;&lt;?char 13?&gt;
      &lt;TypeClass&gt;String&lt;/TypeClass&gt;&lt;?char 13?&gt;
      &lt;ObjType&gt;System.String&lt;/ObjType&gt;&lt;?char 13?&gt;
      &lt;Value&gt;dy&lt;/Value&gt;&lt;?char 13?&gt;
    &lt;/Constant&gt;&lt;?char 13?&gt;
    &lt;Constant&gt;&lt;?char 13?&gt;
      &lt;TypeClass&gt;Numeric&lt;/TypeClass&gt;&lt;?char 13?&gt;
      &lt;ObjType&gt;System.Double&lt;/ObjType&gt;&lt;?char 13?&gt;
      &lt;Value&gt;-7&lt;/Value&gt;&lt;?char 13?&gt;
    &lt;/Constant&gt;&lt;?char 13?&gt;
    &lt;Function&gt;&lt;?char 13?&gt;
      &lt;TypeClass&gt;DateTime&lt;/TypeClass&gt;&lt;?char 13?&gt;
      &lt;FunctionType&gt;GetDate&lt;/FunctionType&gt;&lt;?char 13?&gt;
      &lt;ReturnType&gt;DateTime&lt;/ReturnType&gt;&lt;?char 13?&gt;
      &lt;Count&gt;0&lt;/Count&gt;&lt;?char 13?&gt;
    &lt;/Function&gt;&lt;?char 13?&gt;
  &lt;/Function&gt;&lt;?char 13?&gt;
&lt;/Operator&gt;</DMF:Expression><DMF:Name type="string">Last Good CheckDB</DMF:Name><DMF:Description type="string" /><DMF:Facet type="string">Database</DMF:Facet></DMF:Condition></data></document><document><docinfo><aliases><alias>/PolicyStore/Condition/SQL Server Version is 2005+ Production Only</alias></aliases><sfc:version DomainVersion="3" /></docinfo><data><DMF:Condition xmlns:DMF="http://schemas.microsoft.com/sqlserver/DMF/2007/08" xmlns:sfc="http://schemas.microsoft.com/sqlserver/sfc/serialization/2007/08" xmlns:sml="http://schemas.serviceml.org/sml/2007/02" xmlns:xs="http://www.w3.org/2001/XMLSchema"><DMF:Parent><sfc:Reference sml:ref="true"><sml:Uri>/PolicyStore</sml:Uri></sfc:Reference></DMF:Parent><DMF:Expression type="string">&lt;Operator&gt;&lt;?char 13?&gt;
  &lt;TypeClass&gt;Bool&lt;/TypeClass&gt;&lt;?char 13?&gt;
  &lt;OpType&gt;AND&lt;/OpType&gt;&lt;?char 13?&gt;
  &lt;Count&gt;2&lt;/Count&gt;&lt;?char 13?&gt;
  &lt;Operator&gt;&lt;?char 13?&gt;
    &lt;TypeClass&gt;Bool&lt;/TypeClass&gt;&lt;?char 13?&gt;
    &lt;OpType&gt;GE&lt;/OpType&gt;&lt;?char 13?&gt;
    &lt;Count&gt;2&lt;/Count&gt;&lt;?char 13?&gt;
    &lt;Attribute&gt;&lt;?char 13?&gt;
      &lt;TypeClass&gt;Numeric&lt;/TypeClass&gt;&lt;?char 13?&gt;
      &lt;Name&gt;VersionMajor&lt;/Name&gt;&lt;?char 13?&gt;
    &lt;/Attribute&gt;&lt;?char 13?&gt;
    &lt;Constant&gt;&lt;?char 13?&gt;
      &lt;TypeClass&gt;Numeric&lt;/TypeClass&gt;&lt;?char 13?&gt;
      &lt;ObjType&gt;System.Double&lt;/ObjType&gt;&lt;?char 13?&gt;
      &lt;Value&gt;9&lt;/Value&gt;&lt;?char 13?&gt;
    &lt;/Constant&gt;&lt;?char 13?&gt;
  &lt;/Operator&gt;&lt;?char 13?&gt;
  &lt;Operator&gt;&lt;?char 13?&gt;
    &lt;TypeClass&gt;Bool&lt;/TypeClass&gt;&lt;?char 13?&gt;
    &lt;OpType&gt;EQ&lt;/OpType&gt;&lt;?char 13?&gt;
    &lt;Count&gt;2&lt;/Count&gt;&lt;?char 13?&gt;
    &lt;Function&gt;&lt;?char 13?&gt;
      &lt;TypeClass&gt;String&lt;/TypeClass&gt;&lt;?char 13?&gt;
      &lt;FunctionType&gt;ExecuteSql&lt;/FunctionType&gt;&lt;?char 13?&gt;
      &lt;ReturnType&gt;String&lt;/ReturnType&gt;&lt;?char 13?&gt;
      &lt;Count&gt;2&lt;/Count&gt;&lt;?char 13?&gt;
      &lt;Constant&gt;&lt;?char 13?&gt;
        &lt;TypeClass&gt;String&lt;/TypeClass&gt;&lt;?char 13?&gt;
        &lt;ObjType&gt;System.String&lt;/ObjType&gt;&lt;?char 13?&gt;
        &lt;Value&gt;string&lt;/Value&gt;&lt;?char 13?&gt;
      &lt;/Constant&gt;&lt;?char 13?&gt;
      &lt;Constant&gt;&lt;?char 13?&gt;
        &lt;TypeClass&gt;String&lt;/TypeClass&gt;&lt;?char 13?&gt;
        &lt;ObjType&gt;System.String&lt;/ObjType&gt;&lt;?char 13?&gt;
        &lt;Value&gt;select value from sys.extended_properties WHERE name = ''EnvironmentType''&lt;/Value&gt;&lt;?char 13?&gt;
      &lt;/Constant&gt;&lt;?char 13?&gt;
    &lt;/Function&gt;&lt;?char 13?&gt;
    &lt;Constant&gt;&lt;?char 13?&gt;
      &lt;TypeClass&gt;String&lt;/TypeClass&gt;&lt;?char 13?&gt;
      &lt;ObjType&gt;System.String&lt;/ObjType&gt;&lt;?char 13?&gt;
      &lt;Value&gt;Prod&lt;/Value&gt;&lt;?char 13?&gt;
    &lt;/Constant&gt;&lt;?char 13?&gt;
  &lt;/Operator&gt;&lt;?char 13?&gt;
&lt;/Operator&gt;</DMF:Expression><DMF:Name type="string">SQL Server Version is 2005+ Production Only</DMF:Name><DMF:Description type="string" /><DMF:Facet type="string">Server</DMF:Facet></DMF:Condition></data></document><document><docinfo><aliases><alias>/PolicyStore/PolicyCategory/Maintenance</alias></aliases><sfc:version DomainVersion="3" /></docinfo><data><DMF:PolicyCategory xmlns:DMF="http://schemas.microsoft.com/sqlserver/DMF/2007/08" xmlns:sfc="http://schemas.microsoft.com/sqlserver/sfc/serialization/2007/08" xmlns:sml="http://schemas.serviceml.org/sml/2007/02" xmlns:xs="http://www.w3.org/2001/XMLSchema"><DMF:Parent><sfc:Reference sml:ref="true"><sml:Uri>/PolicyStore</sml:Uri></sfc:Reference></DMF:Parent><DMF:Name type="string">Maintenance</DMF:Name></DMF:PolicyCategory></data></document><document><docinfo><aliases><alias>/PolicyStore/ObjectSet/Database Consistency Check Completed__ObjectSet/TargetSet/Server_/Database</alias></aliases><sfc:version DomainVersion="3" /></docinfo><data><DMF:TargetSet xmlns:DMF="http://schemas.microsoft.com/sqlserver/DMF/2007/08" xmlns:sfc="http://schemas.microsoft.com/sqlserver/sfc/serialization/2007/08" xmlns:sml="http://schemas.serviceml.org/sml/2007/02" xmlns:xs="http://www.w3.org/2001/XMLSchema"><DMF:Levels><sfc:Collection><sfc:Reference sml:ref="true"><sml:Uri>/PolicyStore/ObjectSet/Database Consistency Check Completed__ObjectSet/TargetSet/Server_/Database/TargetSetLevel/Server_/Database</sml:Uri></sfc:Reference></sfc:Collection></DMF:Levels><DMF:Parent><sfc:Reference sml:ref="true"><sml:Uri>/PolicyStore/ObjectSet/Database Consistency Check Completed__ObjectSet</sml:Uri></sfc:Reference></DMF:Parent><DMF:TargetTypeSkeleton type="string">Server/Database</DMF:TargetTypeSkeleton><DMF:Enabled type="boolean">true</DMF:Enabled></DMF:TargetSet></data></document><document><docinfo><aliases><alias>/PolicyStore/Condition/Database Is Not TempDB and Is Not Snapshot</alias></aliases><sfc:version DomainVersion="3" /></docinfo><data><DMF:Condition xmlns:DMF="http://schemas.microsoft.com/sqlserver/DMF/2007/08" xmlns:sfc="http://schemas.microsoft.com/sqlserver/sfc/serialization/2007/08" xmlns:sml="http://schemas.serviceml.org/sml/2007/02" xmlns:xs="http://www.w3.org/2001/XMLSchema"><DMF:Parent><sfc:Reference sml:ref="true"><sml:Uri>/PolicyStore</sml:Uri></sfc:Reference></DMF:Parent><DMF:Expression type="string">&lt;Operator&gt;&lt;?char 13?&gt;
  &lt;TypeClass&gt;Bool&lt;/TypeClass&gt;&lt;?char 13?&gt;
  &lt;OpType&gt;AND&lt;/OpType&gt;&lt;?char 13?&gt;
  &lt;Count&gt;2&lt;/Count&gt;&lt;?char 13?&gt;
  &lt;Operator&gt;&lt;?char 13?&gt;
    &lt;TypeClass&gt;Bool&lt;/TypeClass&gt;&lt;?char 13?&gt;
    &lt;OpType&gt;AND&lt;/OpType&gt;&lt;?char 13?&gt;
    &lt;Count&gt;2&lt;/Count&gt;&lt;?char 13?&gt;
    &lt;Operator&gt;&lt;?char 13?&gt;
      &lt;TypeClass&gt;Bool&lt;/TypeClass&gt;&lt;?char 13?&gt;
      &lt;OpType&gt;AND&lt;/OpType&gt;&lt;?char 13?&gt;
      &lt;Count&gt;2&lt;/Count&gt;&lt;?char 13?&gt;
      &lt;Operator&gt;&lt;?char 13?&gt;
        &lt;TypeClass&gt;Bool&lt;/TypeClass&gt;&lt;?char 13?&gt;
        &lt;OpType&gt;EQ&lt;/OpType&gt;&lt;?char 13?&gt;
        &lt;Count&gt;2&lt;/Count&gt;&lt;?char 13?&gt;
        &lt;Attribute&gt;&lt;?char 13?&gt;
          &lt;TypeClass&gt;Bool&lt;/TypeClass&gt;&lt;?char 13?&gt;
          &lt;Name&gt;IsDatabaseSnapshot&lt;/Name&gt;&lt;?char 13?&gt;
        &lt;/Attribute&gt;&lt;?char 13?&gt;
        &lt;Function&gt;&lt;?char 13?&gt;
          &lt;TypeClass&gt;Bool&lt;/TypeClass&gt;&lt;?char 13?&gt;
          &lt;FunctionType&gt;False&lt;/FunctionType&gt;&lt;?char 13?&gt;
          &lt;ReturnType&gt;Bool&lt;/ReturnType&gt;&lt;?char 13?&gt;
          &lt;Count&gt;0&lt;/Count&gt;&lt;?char 13?&gt;
        &lt;/Function&gt;&lt;?char 13?&gt;
      &lt;/Operator&gt;&lt;?char 13?&gt;
      &lt;Operator&gt;&lt;?char 13?&gt;
        &lt;TypeClass&gt;Bool&lt;/TypeClass&gt;&lt;?char 13?&gt;
        &lt;OpType&gt;NE&lt;/OpType&gt;&lt;?char 13?&gt;
        &lt;Count&gt;2&lt;/Count&gt;&lt;?char 13?&gt;
        &lt;Attribute&gt;&lt;?char 13?&gt;
          &lt;TypeClass&gt;String&lt;/TypeClass&gt;&lt;?char 13?&gt;
          &lt;Name&gt;Name&lt;/Name&gt;&lt;?char 13?&gt;
        &lt;/Attribute&gt;&lt;?char 13?&gt;
        &lt;Constant&gt;&lt;?char 13?&gt;
          &lt;TypeClass&gt;String&lt;/TypeClass&gt;&lt;?char 13?&gt;
          &lt;ObjType&gt;System.String&lt;/ObjType&gt;&lt;?char 13?&gt;
          &lt;Value&gt;tempdb&lt;/Value&gt;&lt;?char 13?&gt;
        &lt;/Constant&gt;&lt;?char 13?&gt;
      &lt;/Operator&gt;&lt;?char 13?&gt;
    &lt;/Operator&gt;&lt;?char 13?&gt;
    &lt;Operator&gt;&lt;?char 13?&gt;
      &lt;TypeClass&gt;Bool&lt;/TypeClass&gt;&lt;?char 13?&gt;
      &lt;OpType&gt;EQ&lt;/OpType&gt;&lt;?char 13?&gt;
      &lt;Count&gt;2&lt;/Count&gt;&lt;?char 13?&gt;
      &lt;Attribute&gt;&lt;?char 13?&gt;
        &lt;TypeClass&gt;Bool&lt;/TypeClass&gt;&lt;?char 13?&gt;
        &lt;Name&gt;ReadOnly&lt;/Name&gt;&lt;?char 13?&gt;
      &lt;/Attribute&gt;&lt;?char 13?&gt;
      &lt;Function&gt;&lt;?char 13?&gt;
        &lt;TypeClass&gt;Bool&lt;/TypeClass&gt;&lt;?char 13?&gt;
        &lt;FunctionType&gt;False&lt;/FunctionType&gt;&lt;?char 13?&gt;
        &lt;ReturnType&gt;Bool&lt;/ReturnType&gt;&lt;?char 13?&gt;
        &lt;Count&gt;0&lt;/Count&gt;&lt;?char 13?&gt;
      &lt;/Function&gt;&lt;?char 13?&gt;
    &lt;/Operator&gt;&lt;?char 13?&gt;
  &lt;/Operator&gt;&lt;?char 13?&gt;
  &lt;Operator&gt;&lt;?char 13?&gt;
    &lt;TypeClass&gt;Bool&lt;/TypeClass&gt;&lt;?char 13?&gt;
    &lt;OpType&gt;EQ&lt;/OpType&gt;&lt;?char 13?&gt;
    &lt;Count&gt;2&lt;/Count&gt;&lt;?char 13?&gt;
    &lt;Attribute&gt;&lt;?char 13?&gt;
      &lt;TypeClass&gt;Bool&lt;/TypeClass&gt;&lt;?char 13?&gt;
      &lt;Name&gt;IsAccessible&lt;/Name&gt;&lt;?char 13?&gt;
    &lt;/Attribute&gt;&lt;?char 13?&gt;
    &lt;Function&gt;&lt;?char 13?&gt;
      &lt;TypeClass&gt;Bool&lt;/TypeClass&gt;&lt;?char 13?&gt;
      &lt;FunctionType&gt;True&lt;/FunctionType&gt;&lt;?char 13?&gt;
      &lt;ReturnType&gt;Bool&lt;/ReturnType&gt;&lt;?char 13?&gt;
      &lt;Count&gt;0&lt;/Count&gt;&lt;?char 13?&gt;
    &lt;/Function&gt;&lt;?char 13?&gt;
  &lt;/Operator&gt;&lt;?char 13?&gt;
&lt;/Operator&gt;</DMF:Expression><DMF:Name type="string">Database Is Not TempDB and Is Not Snapshot</DMF:Name><DMF:Description type="string" /><DMF:Facet type="string">Database</DMF:Facet></DMF:Condition></data></document><document><docinfo><aliases><alias>/PolicyStore/ObjectSet/Database Consistency Check Completed__ObjectSet/TargetSet/Server_/Database/TargetSetLevel/Server_/Database</alias></aliases><sfc:version DomainVersion="3" /></docinfo><data><DMF:TargetSetLevel xmlns:DMF="http://schemas.microsoft.com/sqlserver/DMF/2007/08" xmlns:sfc="http://schemas.microsoft.com/sqlserver/sfc/serialization/2007/08" xmlns:sml="http://schemas.serviceml.org/sml/2007/02" xmlns:xs="http://www.w3.org/2001/XMLSchema"><DMF:Parent><sfc:Reference sml:ref="true"><sml:Uri>/PolicyStore/ObjectSet/Database Consistency Check Completed__ObjectSet/TargetSet/Server_/Database</sml:Uri></sfc:Reference></DMF:Parent><DMF:TargetSetLevelCondition><sfc:Reference sml:ref="true"><sml:Uri>/PolicyStore/Condition/Database Is Not TempDB and Is Not Snapshot</sml:Uri></sfc:Reference></DMF:TargetSetLevelCondition><DMF:TargetTypeSkeleton type="string">Server/Database</DMF:TargetTypeSkeleton><DMF:LevelName type="string">Database</DMF:LevelName><DMF:Condition type="string">Database Is Not TempDB and Is Not Snapshot</DMF:Condition></DMF:TargetSetLevel></data></document></instances></DMF:bufferData></xs:schema></data></document></definitions></xs:bufferSchema></model>